SET DATESTYLE = 'ISO, DMY';

DROP TABLE IF EXISTS PROFESSIONAL_MEDICAL_SELECTION CASCADE;
DROP TABLE IF EXISTS MEDICAL_PACKAGE CASCADE;
DROP TABLE IF EXISTS SPONSORSHIP_PAYMENT CASCADE;
DROP TABLE IF EXISTS EQUIPMENT CASCADE;
DROP TABLE IF EXISTS OVERSEES CASCADE;
DROP TABLE IF EXISTS PARTICIPATION CASCADE;
DROP TABLE IF EXISTS TRIALS CASCADE;
DROP TABLE IF EXISTS OFFICIAL CASCADE;
DROP TABLE IF EXISTS AMATEUR CASCADE;
DROP TABLE IF EXISTS PROFESSIONAL CASCADE;
DROP TABLE IF EXISTS ATHLETE_IMAGES CASCADE;
DROP TABLE IF EXISTS TRAVEL_STIPEND CASCADE;
DROP TABLE IF EXISTS ATHLETE CASCADE;

DROP FUNCTION IF EXISTS itm_add_trial_participation(VARCHAR, VARCHAR, DATE, VARCHAR) CASCADE;
DROP FUNCTION IF EXISTS itm_update_trial_result(INT, VARCHAR, BOOLEAN, VARCHAR, TEXT) CASCADE;

CREATE TABLE ATHLETE (
    ATHLETE_ID INT PRIMARY KEY,
    USERNAME VARCHAR(50) NOT NULL UNIQUE,
    FIRSTNAME VARCHAR(100) NOT NULL,
    LASTNAME VARCHAR(100) NOT NULL,
    DOB DATE NOT NULL,
    HEIGHT DECIMAL(5, 2),
    WEIGHT DECIMAL(5, 2),
    NATIONALITY VARCHAR(50),
    EMAIL TEXT NOT NULL,
    PASSPORT_NUMBER INT NOT NULL UNIQUE,
    MOBILE_NUMBER VARCHAR(20) NOT NULL,
    TSDATE DATE,
    BIO TEXT,
    UNIQUE (ATHLETE_ID, TSDATE)
);

CREATE TABLE ATHLETE_IMAGES (
    ATHLETE_ID INT REFERENCES ATHLETE (ATHLETE_ID) ON DELETE CASCADE,
    IMAGE_URL TEXT NOT NULL,
    PRIMARY KEY (ATHLETE_ID, IMAGE_URL)
);

CREATE TABLE AMATEUR (
    ATHLETE_ID INT PRIMARY KEY REFERENCES ATHLETE (ATHLETE_ID) ON DELETE CASCADE,
    CLUB_LOCATION VARCHAR(100) NOT NULL,
    TRAINING_CLUB VARCHAR(100) NOT NULL
);

CREATE TABLE PROFESSIONAL (
    ATHLETE_ID INT PRIMARY KEY REFERENCES ATHLETE (ATHLETE_ID) ON DELETE CASCADE
);

CREATE TABLE TRAVEL_STIPEND (
    ATHLETE_ID INT REFERENCES ATHLETE (ATHLETE_ID) ON DELETE CASCADE,
    BASE_AMOUNT DECIMAL(10, 2) DEFAULT 0,
    BONUS DECIMAL(10, 2) DEFAULT 0,
    DATE DATE,
    PRIMARY KEY (ATHLETE_ID, DATE)
);

ALTER TABLE ATHLETE
ADD CONSTRAINT TSFK
FOREIGN KEY (ATHLETE_ID, TSDATE)
REFERENCES TRAVEL_STIPEND (ATHLETE_ID, DATE)
DEFERRABLE INITIALLY DEFERRED;

CREATE TABLE OFFICIAL (
    OFFICIAL_ID INT PRIMARY KEY,
    USERNAME VARCHAR(50) NOT NULL UNIQUE,
    PASSWORD VARCHAR(100) NOT NULL,
    FIRSTNAME VARCHAR(100) NOT NULL,
    LASTNAME VARCHAR(100) NOT NULL,
    EMAIL VARCHAR(100) UNIQUE,
    MOBILE VARCHAR(20),
    SPECIALTY VARCHAR(50),
    PERFORMANCE TEXT
);

CREATE TABLE TRIALS (
    TRIAL_ID INT GENERATED BY DEFAULT AS IDENTITY PRIMARY KEY,
    TRIAL_NAME VARCHAR(100) NOT NULL,
    TRIAL_DATE DATE NOT NULL,
    TRIAL_TIME TIME NOT NULL DEFAULT '09:00:00',
    PERFORMANCE_DATA TEXT,
    UNIQUE (TRIAL_NAME, TRIAL_DATE)
);

CREATE TABLE PARTICIPATION (
    ATHLETE_ID INT REFERENCES ATHLETE (ATHLETE_ID) ON DELETE CASCADE,
    TRIAL_ID INT REFERENCES TRIALS (TRIAL_ID) ON DELETE CASCADE,
    OFFICIAL_ID INT NOT NULL REFERENCES OFFICIAL (OFFICIAL_ID),
    PARTICIPATION_DATE DATE NOT NULL,
    STATUS VARCHAR(20) NOT NULL DEFAULT 'scheduled',
    IS_WINNER BOOLEAN NOT NULL DEFAULT FALSE,
    PERFORMANCE_NOTE TEXT,
    PRIMARY KEY (ATHLETE_ID, TRIAL_ID),
    UNIQUE (ATHLETE_ID, PARTICIPATION_DATE),
    CONSTRAINT CHK_PARTICIPATION_STATUS CHECK (STATUS IN ('scheduled', 'completed'))
);

CREATE UNIQUE INDEX ONE_WINNER_PER_TRIAL
ON PARTICIPATION (TRIAL_ID)
WHERE IS_WINNER;

CREATE TABLE OVERSEES (
    OFFICIAL_ID INT REFERENCES OFFICIAL (OFFICIAL_ID) ON DELETE CASCADE,
    TRIAL_ID INT REFERENCES TRIALS (TRIAL_ID) ON DELETE CASCADE,
    PRIMARY KEY (OFFICIAL_ID, TRIAL_ID)
);

CREATE TABLE EQUIPMENT (
    AID INT REFERENCES ATHLETE (ATHLETE_ID) ON DELETE CASCADE,
    MANUFACTURER VARCHAR(100),
    CONDITION_STATUS VARCHAR(9) NOT NULL,
    NAME VARCHAR(100),
    MODEL VARCHAR(100),
    YEAR DATE,
    PRIMARY KEY (AID, NAME),
    CONSTRAINT CHK_CONDITION_STATUS CHECK (
        CONDITION_STATUS IN ('poor', 'fair', 'good', 'very good', 'excellent')
    )
);

CREATE TABLE SPONSORSHIP_PAYMENT (
    ATHLETE_ID INT REFERENCES ATHLETE (ATHLETE_ID) ON DELETE CASCADE,
    AMOUNT DECIMAL(10, 2) NOT NULL,
    PAYMENT_DATE DATE,
    PAYMENT_TYPE VARCHAR(50) NOT NULL,
    PRIMARY KEY (ATHLETE_ID, PAYMENT_DATE)
);

CREATE TABLE MEDICAL_PACKAGE (
    PACKAGE_ID INT GENERATED BY DEFAULT AS IDENTITY PRIMARY KEY,
    PACKAGE_NAME VARCHAR(100) NOT NULL,
    DESCRIPTION VARCHAR(100)
);

CREATE TABLE PROFESSIONAL_MEDICAL_SELECTION (
    ATHLETE_ID INT REFERENCES PROFESSIONAL (ATHLETE_ID) ON DELETE CASCADE,
    PACKAGE_ID INT REFERENCES MEDICAL_PACKAGE (PACKAGE_ID) ON DELETE CASCADE,
    PRIMARY KEY (ATHLETE_ID, PACKAGE_ID)
);

CREATE OR REPLACE FUNCTION itm_add_trial_participation(
    p_athlete_username VARCHAR,
    p_trial_name VARCHAR,
    p_trial_date DATE,
    p_official_username VARCHAR
)
RETURNS BOOLEAN
LANGUAGE plpgsql
AS $$
DECLARE
    v_athlete_id INT;
    v_official_id INT;
    v_trial_id INT;
BEGIN
    IF p_athlete_username IS NULL OR trim(p_athlete_username) = ''
       OR p_trial_name IS NULL OR trim(p_trial_name) = ''
       OR p_trial_date IS NULL
       OR p_official_username IS NULL OR trim(p_official_username) = '' THEN
        RETURN FALSE;
    END IF;

    SELECT ATHLETE_ID INTO v_athlete_id
    FROM ATHLETE
    WHERE lower(USERNAME) = lower(trim(p_athlete_username));

    SELECT OFFICIAL_ID INTO v_official_id
    FROM OFFICIAL
    WHERE lower(USERNAME) = lower(trim(p_official_username));

    IF v_athlete_id IS NULL OR v_official_id IS NULL THEN
        RETURN FALSE;
    END IF;

    IF EXISTS (
        SELECT 1
        FROM PARTICIPATION
        WHERE ATHLETE_ID = v_athlete_id
          AND PARTICIPATION_DATE = p_trial_date
    ) THEN
        RETURN FALSE;
    END IF;

    SELECT TRIAL_ID INTO v_trial_id
    FROM TRIALS
    WHERE lower(TRIAL_NAME) = lower(trim(p_trial_name))
      AND TRIAL_DATE = p_trial_date;

    IF v_trial_id IS NULL THEN
        INSERT INTO TRIALS (TRIAL_NAME, TRIAL_DATE, PERFORMANCE_DATA)
        VALUES (trim(p_trial_name), p_trial_date, trim(p_trial_name))
        RETURNING TRIAL_ID INTO v_trial_id;
    END IF;

    IF EXISTS (
        SELECT 1
        FROM PARTICIPATION
        WHERE ATHLETE_ID = v_athlete_id
          AND TRIAL_ID = v_trial_id
    ) THEN
        RETURN FALSE;
    END IF;

    INSERT INTO PARTICIPATION (ATHLETE_ID, TRIAL_ID, OFFICIAL_ID, PARTICIPATION_DATE, STATUS)
    VALUES (v_athlete_id, v_trial_id, v_official_id, p_trial_date, 'scheduled');

    INSERT INTO OVERSEES (OFFICIAL_ID, TRIAL_ID)
    VALUES (v_official_id, v_trial_id)
    ON CONFLICT DO NOTHING;

    RETURN TRUE;
EXCEPTION
    WHEN OTHERS THEN
        RETURN FALSE;
END;
$$;

CREATE OR REPLACE FUNCTION itm_update_trial_result(
    p_trial_id INT,
    p_athlete_username VARCHAR,
    p_is_winner BOOLEAN,
    p_official_username VARCHAR,
    p_performance_note TEXT
)
RETURNS BOOLEAN
LANGUAGE plpgsql
AS $$
DECLARE
    v_athlete_id INT;
    v_official_id INT;
    v_trial_date DATE;
BEGIN
    IF p_trial_id IS NULL
       OR p_athlete_username IS NULL OR trim(p_athlete_username) = ''
       OR p_official_username IS NULL OR trim(p_official_username) = '' THEN
        RETURN FALSE;
    END IF;

    SELECT ATHLETE_ID INTO v_athlete_id
    FROM ATHLETE
    WHERE lower(USERNAME) = lower(trim(p_athlete_username));

    SELECT OFFICIAL_ID INTO v_official_id
    FROM OFFICIAL
    WHERE lower(USERNAME) = lower(trim(p_official_username));

    SELECT TRIAL_DATE INTO v_trial_date
    FROM TRIALS
    WHERE TRIAL_ID = p_trial_id;

    IF v_athlete_id IS NULL OR v_official_id IS NULL OR v_trial_date IS NULL THEN
        RETURN FALSE;
    END IF;

    IF v_trial_date > CURRENT_DATE THEN
        RETURN FALSE;
    END IF;

    IF NOT EXISTS (
        SELECT 1
        FROM PARTICIPATION
        WHERE TRIAL_ID = p_trial_id
          AND ATHLETE_ID = v_athlete_id
    ) THEN
        RETURN FALSE;
    END IF;

    IF p_is_winner AND EXISTS (
        SELECT 1
        FROM PARTICIPATION
        WHERE TRIAL_ID = p_trial_id
          AND ATHLETE_ID <> v_athlete_id
          AND IS_WINNER
    ) THEN
        RETURN FALSE;
    END IF;

    UPDATE PARTICIPATION
    SET IS_WINNER = p_is_winner,
        OFFICIAL_ID = v_official_id,
        PERFORMANCE_NOTE = NULLIF(trim(p_performance_note), ''),
        STATUS = 'completed'
    WHERE TRIAL_ID = p_trial_id
      AND ATHLETE_ID = v_athlete_id;

    INSERT INTO OVERSEES (OFFICIAL_ID, TRIAL_ID)
    VALUES (v_official_id, p_trial_id)
    ON CONFLICT DO NOTHING;

    RETURN TRUE;
EXCEPTION
    WHEN OTHERS THEN
        RETURN FALSE;
END;
$$;

BEGIN;

INSERT INTO ATHLETE (
    ATHLETE_ID, USERNAME, FIRSTNAME, LASTNAME, DOB, HEIGHT, WEIGHT,
    NATIONALITY, EMAIL, PASSPORT_NUMBER, MOBILE_NUMBER, TSDATE, BIO
)
VALUES
    (1, 'arunner', 'Alice', 'Runner', '1998-04-12', 170.00, 60.00, 'Australia', 'alice@example.com', 10001, '0410000001', '2024-01-01', 'Sprinter'),
    (2, 'bswimmer', 'Bob', 'Swimmer', '1995-09-20', 185.00, 78.00, 'USA', 'bob@example.com', 10002, '0410000002', '2024-01-01', 'Freestyle swimmer'),
    (3, 'cboxer', 'Carlos', 'Boxer', '1992-02-10', 178.00, 82.00, 'Spain', 'carlos@example.com', 10003, '0410000003', '2024-01-01', 'Lightweight boxer'),
    (4, 'dcyclist', 'Dina', 'Cyclist', '2001-07-15', 168.00, 58.00, 'New Zealand', 'dina@example.com', 10004, '0410000004', '2024-01-01', 'Track cyclist');

INSERT INTO TRAVEL_STIPEND (ATHLETE_ID, BASE_AMOUNT, BONUS, DATE)
VALUES
    (1, 500, 50, '2024-01-01'),
    (2, 600, 75, '2024-01-01'),
    (3, 550, 60, '2024-01-01'),
    (4, 450, 40, '2024-01-01');

INSERT INTO AMATEUR (ATHLETE_ID, TRAINING_CLUB, CLUB_LOCATION)
VALUES
    (1, 'Sydney Track Club', 'Sydney'),
    (4, 'Auckland Cycling Club', 'Auckland');

INSERT INTO PROFESSIONAL (ATHLETE_ID)
VALUES
    (2),
    (3);

INSERT INTO OFFICIAL (
    OFFICIAL_ID, USERNAME, PASSWORD, FIRSTNAME, LASTNAME, EMAIL, MOBILE, SPECIALTY, PERFORMANCE
)
VALUES
    (100, 'jdoe', 'password', 'John', 'Doe', 'jdoe@iomc.example', '0400000001', 'Track', 'Excellent'),
    (101, 'msmith', 'password', 'Mary', 'Smith', 'msmith@iomc.example', '0400000002', 'Swimming', 'Very Good'),
    (102, 'kchan', 'password', 'Kai', 'Chan', 'kchan@iomc.example', '0400000003', 'Boxing', 'Good');

INSERT INTO TRIALS (TRIAL_ID, TRIAL_NAME, TRIAL_DATE, TRIAL_TIME, PERFORMANCE_DATA)
OVERRIDING SYSTEM VALUE
VALUES
    (10, '100m Sprint Selection', '2026-01-13', '10:15:00', '100m sprint'),
    (11, 'Swimming 200m Selection', '2026-01-26', '12:15:00', 'Swimming 200m'),
    (12, 'Boxing Qualifier', '2026-02-02', '14:15:00', 'Boxing qualifier'),
    (13, 'Cycling Time Trial', CURRENT_DATE + 20, '09:30:00', 'Cycling time trial'),
    (14, 'Historic Sprint Trial', (CURRENT_DATE - INTERVAL '4 years')::date, '09:00:00', 'Old sprint trial');

INSERT INTO OVERSEES (OFFICIAL_ID, TRIAL_ID)
VALUES
    (100, 10),
    (101, 11),
    (102, 12),
    (100, 13),
    (100, 14);

INSERT INTO PARTICIPATION (
    ATHLETE_ID, TRIAL_ID, OFFICIAL_ID, PARTICIPATION_DATE, STATUS, IS_WINNER, PERFORMANCE_NOTE
)
VALUES
    (1, 10, 100, '2026-01-13', 'completed', TRUE, 'Strong start and clean finish.'),
    (2, 11, 101, '2026-01-26', 'completed', TRUE, 'Excellent pacing in the final lap.'),
    (3, 12, 102, '2026-02-02', 'completed', FALSE, NULL),
    (4, 13, 100, CURRENT_DATE + 20, 'scheduled', FALSE, NULL),
    (1, 14, 100, (CURRENT_DATE - INTERVAL '4 years')::date, 'completed', FALSE, 'Older result retained for history.');

INSERT INTO MEDICAL_PACKAGE (PACKAGE_ID, PACKAGE_NAME, DESCRIPTION)
OVERRIDING SYSTEM VALUE
VALUES
    (1, 'Basic Physio', 'Initial assessment and mobility exercises.'),
    (2, 'Advanced Rehab', 'Post-operative recovery and strengthening.'),
    (3, 'Nutrition Plan', 'Customized dietary guidance.'),
    (4, 'Strength Program', 'Resistance training protocols.');

INSERT INTO PROFESSIONAL_MEDICAL_SELECTION (ATHLETE_ID, PACKAGE_ID)
VALUES
    (2, 1),
    (2, 2),
    (3, 1),
    (3, 3);

INSERT INTO ATHLETE_IMAGES (ATHLETE_ID, IMAGE_URL)
VALUES
    (1, 'http://example.com/alice1.jpg'),
    (2, 'http://example.com/bob1.jpg'),
    (3, 'http://example.com/carlos1.jpg');

INSERT INTO EQUIPMENT (AID, MANUFACTURER, CONDITION_STATUS, NAME, MODEL, YEAR)
VALUES
    (1, 'Nike', 'good', 'Running Shoes', 'ZoomX', '2023-01-01'),
    (1, 'Garmin', 'fair', 'Training Watch', 'Forerunner', '2022-01-01'),
    (2, 'Speedo', 'excellent', 'Swim Goggles', 'AquaPro', '2022-01-01'),
    (3, 'Everlast', 'very good', 'Gloves', 'Elite', '2021-01-01'),
    (4, 'Giant', 'good', 'Track Bike', 'Omnium', '2024-01-01');

INSERT INTO SPONSORSHIP_PAYMENT (ATHLETE_ID, AMOUNT, PAYMENT_DATE, PAYMENT_TYPE)
VALUES
    (1, 2000, '2026-03-01', 'Wire'),
    (1, 500, '2026-04-01', 'Credit'),
    (2, 2500, '2026-03-01', 'Credit'),
    (3, 1800, '2026-03-01', 'Check');

SELECT setval(pg_get_serial_sequence('TRIALS', 'trial_id'), (SELECT MAX(TRIAL_ID) FROM TRIALS));
SELECT setval(pg_get_serial_sequence('MEDICAL_PACKAGE', 'package_id'), (SELECT MAX(PACKAGE_ID) FROM MEDICAL_PACKAGE));

COMMIT;
